year	plotid	plant	corolla_length	style_length	corolla_width	sepal_width	nectar_24_h_ul	nectar_conc	height_cm	flowers_est
2018	1A	225_18								
2018	1A	232	22.68	23.22	3.14		1.171875	26	28.2	83
2018	1A	234					3.90625	21	11.5	15
2018	1A	235_18					4.84375	27		
2018	1A	237_18								
2018	1A	238	20.75	21.35	2.9000000000000004		0.29296875	33	42.4	79
2018	1A	253	26.25	22.6	3.3499999999999996		2.03125	26	27	15
2018	1B	179							39	
2018	1B	564								
2018	1B	655	27.1	24.8	3		2.34375	34	39	70
2018	1B	662_18								
2018	1B	664	23.266666666666666	24.266666666666666	2.466666666666667		0.4166666666666667	34	27.25	29
2018	1B	665								3
2018	1B	668	19.4	14.4	2.1				24.375	
2018	1B	675							26.2	55
2018	1B	678	22.1	21.7	3.4		2.109375	29	30.166666666666668	32
2018	1B	99	17.7	18.8	2.6				32.333333333333336	22
2018	1C	275								4
2018	1C	279								4
2018	1C	29								
2018	1C	50	24.3	24.85	3.35		0.859375	37	39.5	73
2018	1C	61	20.5	22.066666666666666	2.8333333333333335		0.859375	42	19	25
2018	1C	62	21.45	20.3	2.9000000000000004				24.25	
2018	1C	67_18							26	
2018	1D	28_18								
2018	1D	29	26.666666666666664	24.166666666666668	3.0166666666666666		2.265625	26.5	33.75	97
2018	1D	50								
2018	1D	61								
2018	1D	62								
2018	2A	100_18								6
2018	2A	163								
2018	2A	168							15.5	25
2018	2A	171					1.7578125	24.5	39.333333333333336	56
2018	2A	172					2.20703125	29.333333333333332	36	47
2018	2A	189								
2018	2A	275					0.15625			
2018	2B	129	20.1	17.5	3				28	33
2018	2B	171	27.7	27.7	3.1		2.5	27		
2018	2B	172	23.3	22.2	3.2					
2018	2B	195	24.1	22.3	3		3.515625	20	26.5	38
2018	2B	199	29.6	24.6	3.4		2.03125	23.5	29.5	25
2018	2B	87					2.1875	28		
2018	2B	91	18.3	18.4	2.2		1.015625	28	14.125	
2018	2B	94	23.7	22.9	2.8		2.109375	27	30.6	82
2018	2B	98	23.1	26.3	3.5		1.25	31	26.5	49
2018	2C	100	20.925	19.875	3.2		0.78125	30.5	37.5	41
2018	2C	189_18								
2018	2C	200								
2018	2C	206								
2018	2C	212								
2018	2C	218								
2018	2C	226								
2018	2C	238					1.71875	25		
2018	2C	254	25.4	25.6	2.5					
2018	2C	258							27	28
2018	2C	263_18							39	
2018	2C	265	19.85	21.85	2.55		0.53125	42.25	29.666666666666668	89
2018	2C	266	16.2	14.75	2.7				27	18
2018	2C	275	18.5	17.3	2.8				38.4	47
2018	2C	276	21.5	24.7	3.3		1.015625	32	29.375	49
2018	2C	279	21.966666666666665	24.133333333333333	2.3		0.390625	43	44.375	15
2018	2C	281							12	
2018	2C	284	22.3	22.9	2		3.28125	23	19.666666666666668	20
2018	2C	291	22.6	21.5	2.8		1.71875	30.5	43.8	191
2018	2C	294	23.8	25.3	2.7				18.5	37
2018	2C	295	18.1	18.65	2.85				17	
2018	2C	299_18								
2018	2C	34							16	
2018	2C	89							34.6	39
2018	2C	90	26.54	26.66	3.7199999999999998		0.9765625	40.5	31.1	75
2018	2D	100								
2018	2D	189	20.34	22.66	3.3		1.25	40.5	22.25	56
2018	2D	199_18					2.421875	33.5		
2018	2D	200	19.5	19.9	2.966666666666667				43.3	75
2018	2D	206	24.1	24.966666666666665	2.833333333333333				24.9	120
2018	2D	212	21.333333333333332	22.400000000000002	2.8333333333333335		1.484375	22	26.5	60
2018	2D	217_18							30.5	
2018	2D	218	26.6	25.566666666666666	3.2333333333333334		1.50390625	30	57	206
2018	2D	258								
2018	2D	265								
2018	2D	266								
2018	2D	275								
2018	2D	276								
2018	2D	279								
2018	2D	284								
2018	2D	291								
2018	2D	294								
2018	2D	295								
2018	2D	89					1.796875	22		
2018	2D	90								
2018	3A	127	25.82	30.04	3.46		2.578125	28.5	40.5	38
2018	3A	128	20.759999999999998	20.24	3.06		0.052083333333333336		39.8	91
2018	3A	135								8
2018	3A	647	16.633333333333333	19.833333333333332	2.433333333333333		0.673828125	39	28	16
2018	3A	98					0.625	25		
2018	3B	132								
2018	3B	224							46	
2018	3B	601	24	23.8	2.8				33	57
2018	3B	606							21.9	33
2018	3B	824	26.45	26	3.75				41.275	75
2018	3B	833	22.66	25.18	3.2666666666666666				33.125	38
2018	3B	877					2.421875	27.5		
2018	3C	127	27.142857142857142	20.5	4.014285714285714		1.9010416666666667	25	32	44
2018	3C	132	24.3	23.1	4		0		43.4	52
2018	3C	147	20.9	21.4	3.14		1.71875	26.5	41.25	86
2018	3C	156	26.15	25.1	3.25		1.640625	25	43.7	60
2018	3C	163	18.36	18.22	3.52		1.015625	20	49	109
2018	3C	168	23.2	24.65	3.05		0.546875	21	23.5	85
2018	3C	171	27.549999999999997	25.55	3.45		0.5859375	26	40.5	63
2018	3C	206					0.625	30		
2018	3C	265								5
2018	3C	266								22
2018	3C	284								1
2018	3C	90								11
2018	3C	94	23.65	24.85	2.9000000000000004		1.6927083333333333	31.333333333333332	40	53
2018	3C	98	26.6	29.4	2.8666666666666667		1.1458333333333333	22	49.666666666666664	47
2018	3D	127					1.640625	29		
2018	3D	235							27	
2018	3D	245								4
2018	3D	255	12.5	19	2.7				23.875	43
2018	3D	269								
2018	3D	647								
2018	3D	833					0.3125	30		
2018	3D	847	25.45	27.450000000000003	2.95		1.25	31	21	55
2018	3D	852	22.6	20.4	2.8				31.5	53
2018	3D	853	23.4	25.1	2.9		0		36.666666666666664	55
2018	3D	856	24.1	25.25	2.85		1.171875	33.5	30.5	32
2018	3D	857							17.5	
2018	3D	858	22.46	22.46	2.76		0.99609375	27.5	45	72
2018	3D	869_18								
2018	3D	874	23.7	23.099999999999998	2.966666666666667		1.015625	43	45.625	82
2018	3D	877	22.6	23.3	3.4		1.5885416666666667	27.166666666666668	48	72
2018	3D	878	24.7	23.25	3.2		1.71875	26.666666666666668	26.125	14
2018	3D	879	30	23.4	3.4		0.46875	27	24.5	26
2018	3D	884							24.625	19
2018	4A	102_18								
2018	4A	112							28.9	27
2018	4A	117	24.03333333333333	25.7	2.9		3.203125	26	17	46
2018	4A	120							26	38
2018	4A	16							18	
2018	4A	164								
2018	4A	217								4
2018	4A	45								14
2018	4A	63	26.95	26.25	3.05		1.25	36	39.6	41
2018	4A	69	25.4	26.049999999999997	2.6500000000000004		2.34375	36.5	40	65
2018	4A	70_18							14	
2018	4A	75	24.5	28	3.4		1.3020833333333333	30	34.5	33
2018	4A	76	21.73333333333333	21.53333333333333	3.2333333333333334				16.333333333333332	29
2018	4A	79_18							17	
2018	4A	83							28.7	34
2018	4A	90	27.48	21.6	2.8200000000000003		1.8359375	40	28	61
2018	4A	94	23.6	24.4	3		1.5364583333333333	32.333333333333336	19.8	60
2018	4B	160	24.4	21.7	2.8				30	
2018	4B	164							32.8	55
2018	4B	174	18.2	19	3.3				29.2	50
2018	4B	175	21.6	20.05	3		0		31	47
2018	4B	177	25.9	21.8	3				30	54
2018	4B	181	23.3	22.2	2.6500000000000004		0		31.6	47
2018	4B	183	22.6	19.6	3.5				36	43
2018	4B	185	24.9	24.5	2.8		0.13020833333333334	45	35	29
2018	4B	189	17.95	18.65	2.9				30.2	37
2018	4B	192	24.65	23.2	2.4		1.25	32.666666666666664	38.4	57
2018	4B	193							28.2	62
2018	4B	195	19.1	15.7	2.2				18.6	29
2018	4B	196	22.3	23.8	3.5		0.625	43	36.4	65
2018	4B	199	22	24.5	3.6				44.375	67
2018	4B	601								8
2018	4B	833								20
2018	4B	85	21	22.2	2.7					
2018	4C	11	25.3	26.8	3.4					
2018	4C	118					1.3541666666666667	29.666666666666668	41	113
2018	4C	119	21.85	22.049999999999997	2.15		1.1875	34.4	33.2	62
2018	4C	163								0
2018	4D	26	20.4	20.3	2.9		0		28.9	45
2018	4D	28_18								
2018	4D	29	20.633333333333333	18.966666666666665	2.8333333333333335				34.25	70
2018	4D	30_18							31	
2018	4D	31	21.52857142857143	17.757142857142856	2.9571428571428573				34	61
2018	4D	32_18							28	
2018	4D	33	22.65	23.1	2.8				26	50
2018	4D	34	23.6	26.2	3.3				31.2	48
2018	4D	35	26.2	27.75	3		0		27.6	37
2018	4D	36	23.9	22.9	2.7				32.5	24
2018	4D	38_18								
2018	4D	40							30	30
2018	4D	42_18							29	
2018	4D	44							23.5	32
2018	4D	45	20.7	24.1	3.4		0.546875	44	55.2	102
2018	4D	5							54	
2018	4D	879								4
2018	5A	108								
2018	5A	112								2
2018	5A	125							26	
2018	5A	135							18	
2018	5A	143							46	
2018	5A	151							25	
2018	5A	160							19.5	
2018	5A	167							31	
2018	5A	173	28.1	22.9	2.7		1.8359375	25.25	27	53
2018	5A	175	26.125	25.75	2.925		3.0208333333333335	29.666666666666668	48.666666666666664	47
2018	5A	176	20.366666666666667	20.766666666666666	2.6333333333333333		1.171875	29	24	86
2018	5A	18								
2018	5A	180	21.2	21.133333333333333	3.033333333333333		1.4453125	16.5	35.28	94
2018	5A	181	26.2	25.2	2.9		4.21875	27.5	33.6	90
2018	5A	182	25.8	23.6	2.4		1.953125	31	32.9	12
2018	5A	189	25.066666666666666	25.666666666666668	2.8333333333333335		3.359375	32	31	63
2018	5A	194	24.733333333333334	25	3.3333333333333335		1.015625	33.5	35.75	103
2018	5B	1_18							32	
2018	5B	14							47.166666666666664	74
2018	5B	15	18.8	21.3	2.8		1.484375	42	31.5	
2018	5B	20_18							25	
2018	5B	22	25.1	26.9	3.4		0		32	62
2018	5B	23							24.6	40
2018	5B	234								11
2018	5B	258								
2018	5B	26							24.5	
2018	5B	262								
2018	5B	281								
2018	5B	284	24.7	25.366666666666667	3.6		1.4583333333333333	12.833333333333334	30.7	52
2018	5B	292	23.6	26.1	3.1		0.20833333333333334	36.5	28.6	37
2018	5B	294	21.8	24.3	2.9				29.6	35
2018	5B	32							19.5	2
2018	5B	34							43	
2018	5B	6_18							31	
2018	5B	7							26.833333333333332	32
2018	5B	8	26.7	22.6	2.7				34.125	46
2018	5C	203_18							47	
2018	5C	205	25.1	25.4	3.1		0		39.25	47
2018	5C	206	22.3	24.9	2.8		0		18	28
2018	5C	212							13.5	
2018	5C	213	17.7	12	2.7		1.5625	31	32.25	16
2018	5C	215	25.3	23.5	3.1		2.109375	33	30.6	78
2018	5C	216	16.7	15.8	3		0.5729166666666666	31	26.5	16
2018	5C	220	25.4	24.9	3.5		1.6796875		49	101
2018	5C	221							21.333333333333332	24
2018	5C	222	25.3	25.6	2.9		1.1328125		26.8	16
2018	5C	45								
2018	5D	226					1.015625	28		
2018	5D	228	23.400000000000002	25.7	2.933333333333333		0.2734375		35.333333333333336	147
2018	5D	231	20.5	25	3				50.8	63
2018	5D	232	15.7	24.5	3.4		1.171875	34	47.9	76
2018	5D	234_18								15
2018	5D	238_18								
2018	5D	245	21.133333333333333	22.066666666666666	3.3333333333333335		0.5859375	34	38.1	66
2018	5D	258	26.4	26.8	3.5		1.23046875	22.875	46.083333333333336	116
2018	5D	260	23	23.7	2.6				26.5	
2018	5D	283	25.44	24.5	3.02		2.0572916666666665	40.5	32.4	51
2018	6A	125	20.9	20	2.7		0.3125		34	77
2018	6A	132							22	
2018	6A	133	20.5	21	2.3				19	11
2018	6A	135	23.3	26.2	2.7		0.2734375		23	33
2018	6A	143	26.4	25.4	3.2		0.390625	45	31.5	31
2018	6A	151	21.9	22.6	3.2		0.9114583333333334	39.5	25.75	52
2018	6A	160	28.6	27.2	3		0.078125		21.5	28
2018	6A	163_18								
2018	6A	166	17.3	18.7	2.8		0		30	36
2018	6A	167	21.8	23.8	2.3		0.7421875	35.5	31	
2018	6A	173								1
2018	6B	1	23.9	22.1	2.9		0.1953125		34.875	54
2018	6B	103								
2018	6B	127								1
2018	6B	20	24.6	23.8	2.4		0.546875		28.5	68
2018	6B	25	19.1	19.5	2.466666666666667		1.875	26	24	24
2018	6B	26	24	25.5	3.2		0.7421875	45	23.166666666666668	58
2018	6B	27	18.9	19.5	3.1				23.75	21
2018	6B	28	23.5	20.3	2.7		0.8333333333333334	26	32.5	56
2018	6B	29_18								1
2018	6B	32	20.8	19	3		0.9765625	32	39.5	55
2018	6B	34	19.375	20.15	2.3		0.5859375	43	41.375	142
2018	6B	6	23.1	25.6	2.9		1.25	33	39.5	71
2018	6B	632	20.3	22.9	2.7				24	7
2018	6B	654								1
2018	6B	655								1
2018	6B	678								5
2018	6C	102	23.1	22.3	2.3					21
2018	6C	103	29.8	27.2	3.4		2.1484375	44	41.666666666666664	44
2018	6C	106	23.833333333333332	27.6	3.1666666666666665		2.0703125	29.5	32.5	35
2018	6C	109	24.5	25.2	2.9		2.1875	29	26	25
2018	6C	118	26.099999999999998	23.866666666666667	3.3666666666666667				25	26
2018	6C	171								
2018	6C	175								
2018	6C	222								5
2018	6C	271	21.6	20.7	3.5				42.5	27
2018	6C	38								29
2018	6C	42								8
2018	6C	44								11
2018	6C	47								14
2018	6C	54								14
2018	6C	66								13
2018	6C	78	22.7	22.2	3.3				32.25	77
2018	6C	82	23.066666666666666	24.933333333333334	2.6999999999999997				22	28
2018	6C	87	19.666666666666668	19.933333333333334	2.1333333333333333		2.1875	27	27.25	45
2018	6C	89							10	
2018	6D	245								4
2018	6D	258								21
2018	6D	271					0.5078125	47		
2018	6D	29								11
2018	6D	31							38	
2018	6D	34								
2018	6D	38	27.466666666666665	30.5	3.333333333333333		1.6796875	23.5	38	38
2018	6D	40_18							54	
2018	6D	42							26	34
2018	6D	43							24	22
2018	6D	44	25	24.1	3.3		1.93359375	39.25	37.8	76
2018	6D	45							25.6	56
2018	6D	46_18								
2018	6D	47	25.166666666666668	23.633333333333333	2.6666666666666665		1.484375	37.5	41.5	55
2018	6D	51	23.1	21.3	3		0		27	27
2018	6D	54	23.900000000000002	24.8	3.533333333333333		2.109375	28.75	41.5	82
2018	6D	55	25.9	24	2.6		0.703125	20	32.25	21
2018	6D	66	20.25	24.6	2.95		0		30.25	29
2019	1A	236	27.366666666666667	29.3	3.933333333333333	1.8333333333333333	2.5520833333333335	20.75	47.5	79
2019	1A	239	26.333333333333332	24.666666666666668	3.6	1.3333333333333335	4.895833333333333	22.333333333333332	34.25	47
2019	1A	246	25.5	28.85	3.05	1.55	2.3697916666666665	24.166666666666668	49.833333333333336	83
2019	1A	258					0.234375	26.5	31	
2019	1A	259	28	31.3	3.3	1.2999999999999998	3.046875	22.25	58	53
2019	1B	284							56.5	
2019	1B	648	27.45	28.4	3.4	1.45	2.578125	19	38	36
2019	1B	657	25.75	30.75	3.7	1.35	2.0572916666666665	25	50.5	29
2019	1B	670	28.6	29.5	3.35	1.25	4.0234375	22.5	41	56
2019	1B	684	26.033333333333335	25.733333333333334	3.566666666666667	1.7666666666666666	1.875	26.333333333333332	59.6	67
2019	1B	687								
2019	1C	29_19							33.5	
2019	1C	35								
2019	1C	43	22.333333333333332	23.033333333333335	4	1.5666666666666667	2.03125	27	57.666666666666664	147
2019	1C	47	23.5	27.733333333333334	3.6666666666666665	1.3333333333333333	1.8489583333333333	28.833333333333332	46.93333333333333	57.5
2019	1C	49_19							49	
2019	1C	65							40	
2019	1C	72	24.05	27.6	3.55	1.4	0.8203125	32.5	40.733333333333334	
2019	1D	19	25.65	23.4	4.1	1.2999999999999998	2.2265625	20.25	42.35	74
2019	1D	34	28.700000000000003	24.950000000000003	3.75	1.75	3.1640625	22.75	42.5	62
2019	1D	5	27.9	25.049999999999997	3.3	1.55	1.25	23.5	45.05	47
2019	2A	138								51
2019	2A	158					3.203125	22	48	
2019	2A	165							37	
2019	2A	166					3.28125	23	54	30
2019	2A	678								2
2019	2A	679	25.25	26.35	3.45	1.65	1.4453125	23.5	51	51
2019	2A	686	25	25.7	2.5999999999999996	1.5499999999999998	2.6041666666666665	23.5	42.75	23
2019	2B	11					3.828125	26		
2019	2B	130	24.6	26.15	3.6	1.9	2.8385416666666665	21.5	66	31
2019	2B	177	23.450000000000003	25	2.45	1.6	1.40625	24.75	43.5	46
2019	2B	200	27.3	28.35	3.3499999999999996	1.35	2.3828125	21.25	45.5	72
2019	2B	201	26.45	27.35	3.6	1.65	3.5416666666666665	21.166666666666668	69.25	73
2019	2B	202	22	24.8	3.7	1.1	3.59375	19.5	35	73
2019	2B	84	24.3	23.75	3.3499999999999996	1.7	1.40625	24	44.75	90
2019	2B	87					2.109375	22.5	36	
2019	2B	92	27.4	26.450000000000003	3.35	1.8	0.859375	25	51.75	121
2019	2B	99	26.2	29.700000000000003	3.3499999999999996	1.7999999999999998	3.828125	25.75	57.5	92
2019	2C	109								18
2019	2C	2								4
2019	2C	202	23.9	23.5	3.333333333333333	1.7333333333333334	2.1614583333333335	17.666666666666668	34	61
2019	2C	266_19							30	
2019	2C	268	25.666666666666668	25.6	3.2	1.4	1.8489583333333333	23	48	48
2019	2C	272_19							40	
2019	2C	277	23.25	24.45	2.65	1.6	1.953125	18.5	24.5	18
2019	2C	282	27.9	25.65	3.6	0.9				13
2019	2C	285	24	25.5	3.1	1.7	3.0208333333333335	27.833333333333332	52	35
2019	2C	286	23.75	27.35	3.75	1.6	2.421875	21	38	58
2019	2C	288	23.1	25.9	3.7	1.4	2.2265625	22.5	53	46
2019	2C	298	25.8	28.2	3.25	1.35	1.2109375	22.75	33	80
2019	2C	300	24.375	28.175	3.05	1.3375	3.1770833333333335	26	44	7
2019	2C	85								4
2019	2D	205	29	28.5	3.75	1.5	4.4140625	23.5	56.5	38
2019	2D	209	27.7	29.25	3.9	1.45	2.96875	19	57	100
2019	2D	211	23.733333333333334	28	4.533333333333333	1.6666666666666667	3.671875	25.5	62.5	73
2019	2D	212	23.85	25.299999999999997	3.55	1.4500000000000002	2.5	19.75	47.5	61
2019	2D	213					1.953125	21	46	35
2019	2D	217	22.2	20.85	3.0999999999999996	1.4500000000000002	1.953125	23		44
2019	2D	221	23	25.75	3.5	1.7	2.265625	26.5	44.5	48
2019	2D	222	24.3	25.299999999999997	3.6	1.1	2.0703125	29.25	46.5	61
2019	2D	225	29.5	28.26666666666667	3.4	1.2333333333333334	1.9140625	12.5	46	93
2019	2D	256	24.3	27.5	3.5	1.4	1.6796875	19	60	41.333333333333336
2019	2D	257	29.2	27.95	3.45	1.15	4.8046875	21.5	42.75	96
2019	2D	258	25.8	26.75	3.65	1.5	1.953125	18.333333333333332		66
2019	2D	258_19							35	
2019	2D	277					1.09375	27.5		
2019	3A	120	26.25	24.85	3.25	1.4	0.7421875	20.5	43	69
2019	3A	212								
2019	3A	272					2.2265625	21	33	20
2019	3A	274					0.7421875	23.25	35	39
2019	3A	275_19								
2019	3A	276	25.6	24.1	3.6	0.95	1.9140625	20	35	20.5
2019	3A	605							38.5	
2019	3A	635							35.5	
2019	3A	642	24.049999999999997	25.950000000000003	3.15	1.85	2.9296875	24.5	49.5	58
2019	3A	647								
2019	3A	657_19								
2019	3A	659	24.1	27.8	4.1	1.1	2.0703125	27.75	54	77
2019	3B	60							51	
2019	3B	605	27	21.7	3.5	1.1	1.015625	23.5	35	58
2019	3B	611							40.5	
2019	3B	624							28.75	
2019	3B	686	26.1	23.35	3.5	1.9500000000000002	3.828125	26.5	52.5	44
2019	3B	687							49.166666666666664	
2019	3B	823					4.84375	22.5	51.5	65
2019	3C	113							36	
2019	3C	122							33	20
2019	3C	130							47.666666666666664	
2019	3C	131	27	28.5	4.15	1.1			41	16
2019	3C	138							34	
2019	3C	140	25	25.7	3.7	1.1	2.5390625	22	44	95
2019	3C	141								18
2019	3C	142	27.25	26.1	4.05	1.2999999999999998	1.171875	26.5	41.75	26
2019	3C	143							35	
2019	3C	146	24.3	25.85	3.9	1.1	2.34375	23	47.5	61
2019	3C	148	26.45	28.25	3.8	1.2	0.78125	31.5	42.25	28
2019	3C	149	26.7	28.25	4.1	1.5	6.40625	21.5	51.666666666666664	59
2019	3C	150	27.7	27.700000000000003	3.1	1.5499999999999998	1.5494791666666667	23.333333333333332	45	88
2019	3C	151	26.549999999999997	28.3	3.2	1.6	2.5	29	46	46
2019	3C	161	30.5	28.7	2.65	1.15	2.734375	17.333333333333332	57.5	58
2019	3C	164								0
2019	3C	167	23	20.6	3.3499999999999996	1	1.9140625	21	52.333333333333336	56
2019	3C	169_19							36.5	
2019	3C	172	26.9	25.95	3.6	1.65	1.875	24.75	42.5	47
2019	3C	173_19							32.25	
2019	3C	175							3	
2019	3C	179	26.25	25.799999999999997	3.1	1.45	2.5390625	19	31.5	27
2019	3C	182	25.950000000000003	24.65	3.45	1.7	3.9453125	23.5	45	46
2019	3C	183	24.95	24.5	2.45	1.15	2.9296875	18.5	52.25	83
2019	3C	184	23.2	21.7	2.8	1.35	3.1640625	20.75	49	61
2019	3C	185							50.25	
2019	3C	211							56	
2019	3C	223							40	
2019	3C	82							42	
2019	3C	883							44	
2019	3D	882_19	23.4	24.8	4	1.6				61
2019	3D	883_19								
2019	3D	896	24.05	25.75	3.3	1.45	0.7291666666666666	33.5		45
2019	4A	115_19							21	
2019	4A	123	23.2	23.166666666666668	4	1.4333333333333333	0.625	22	38	44
2019	4A	124	27.95	27.450000000000003		1.4	1.4453125	20.25	21	10
2019	4A	156								0
2019	4A	168	23.1	22.200000000000003		1.55	0.5078125	24	18	26
2019	4A	423							39	
2019	4A	68_19	25.35	24.1	3.15	1.65				
2019	4A	89	23.466666666666665	26.333333333333332	3.933333333333333	1.5	2.0703125	29	32.6	46
2019	4B	168	20.433333333333334	22.4	3.45	1.5999999999999999	1.03515625	28	36.4	26
2019	4B	173	27.099999999999998	27.233333333333334	3.8499999999999996	1.8333333333333333	0.91796875		35	63
2019	4C	100							50	
2019	4C	109	23.366666666666667	20.433333333333334	3.4	1.4333333333333333	0.15625	18	37.6	22
2019	4C	111	25.75	23.85	4.05	1.35	0.9375	22.5		22
2019	4C	113_19								
2019	4C	114							37.5	
2019	4C	115	23.85	24.45	3.4	1.65	0.8984375	34.75		51
2019	4C	123_19	25	25.5	2.5	1				
2019	4C	168							37.5	
2019	4C	173							39	
2019	4C	175							23	
2019	4C	199	26.833333333333332	26.666666666666664	3.5	1.4000000000000001	3.671875	23	38.5	25
2019	4C	35							8	
2019	4C	36	24.450000000000003	27		1.6	0.3515625	27.75	28	42
2019	4C	638								
2019	4C	643								152
2019	4D	109							39.5	
2019	4D	199							41	
2019	4D	35	25.45	27.4	3.25	1.6	1.7708333333333333	26.166666666666668	36	33
2019	4D	38_19							29	
2019	4D	43	25.6	25.1	3.85	1.85	1.484375	39	54.15	40
2019	4D	46	23.25	24.200000000000003	3.55	1.75	0.3515625	24.5	39	59
2019	4D	53	24.6	21.4	3.4	1.35	2.578125	19	24	8
2019	4D	54	23.75	26.5	3.7	1.5	1.40625	27		9
2019	4D	58	23.6	24.2	3.6	1.25	1.9921875	24.25	30	33
2019	4D	60	27.866666666666667	27.366666666666667	2.75	1.6666666666666665	1.328125	31.1	47.5	42
2019	4D	61	25.766666666666666	28	3.2666666666666666	1.4333333333333333	1.4322916666666667	27.166666666666668	42	54
2019	4D	62	20.75	22.55	3.3	1.35	1.0026041666666667	30.5	38.75	20
2019	5A	179	30.033333333333335	26.7	4.2	1.5333333333333332	1.171875	20.5	56.625	56.5
2019	5A	183	23.366666666666667	27.366666666666667	3.6	1.6666666666666667	2.578125	24.5	41.15	48
2019	5A	185_19								
2019	5A	193	30.066666666666666	27.1	3.8666666666666667	1.5333333333333334	2.109375	18.833333333333332	40	47
2019	5A	195	28.4	21.45		1.4			44.7	27
2019	5A	196	26.200000000000003	26.35		1.45	1.640625	23	37	9
2019	5A	200	26.05	22.4	3.85	1.7	2.34375	19	31	23
2019	5A	201	26.4	28.53333333333333	3.4000000000000004	1.7	2.0703125	19	49	31
2019	5A	202	22.4	27.6	3.7	1.3			30	6.5
2019	5A	203	26.3	28.200000000000003	3.35	1.75	3.203125	20.5	27	
2019	5A	283								
2019	5A	83							46	
2019	5A	95							43.5	
2019	5B	1	25.2	27.566666666666666	3.2666666666666666	1.4	1.0546875	24	42.833333333333336	67
2019	5B	13	29.1	25.35	3.9	1.05	1.0546875	23.5	38.666666666666664	35
2019	5B	17	26.433333333333334	26.2	3.2666666666666666	1.3666666666666667	1.9921875	25.5	43.56666666666667	57
2019	5B	19	28.15	28.85	3.25	2.05	2.265625	23.5	41	59
2019	5B	20								1
2019	5B	21	26.95	26.4	2.8	1.35			53.5	59.5
2019	5B	26	26.5	25.5	3.6	1.3666666666666667	1.5625	22.25		87
2019	5B	26_19							52.666666666666664	
2019	5B	27	23.549999999999997	24.1	3.55	1.05	0.8203125	20.5	55.5	78
2019	5B	28							42	
2019	5B	290	26.549999999999997	28.5	3.1	1.35	1.2109375	24.5	40.5	88
2019	5B	3	26.15	24	3.5	1.5	1.6796875	24	40.5	39
2019	5B	30	24	25.5	3	1.15	2.4609375	23.25	42.5	36
2019	5B	301	24.3	27.5	2.8	1	1.796875	22.5	40.25	27
2019	5B	31					1.953125	20	47	5
2019	5B	6					2.1875	23	40.03333333333333	
2019	5B	66					0.9375	29		
2019	5C	201	23.6	27.400000000000002	3.1333333333333333	1.7333333333333334	2.34375	20	37.13333333333333	32
2019	5C	209	26.8	28.03333333333333	3.05	1.4333333333333333	1.953125	21	39	14
2019	5C	214	28.933333333333334	28.5	3.833333333333333	1.3666666666666667	0.859375	22	61.06666666666667	60.5
2019	5C	217	27	25.633333333333333	3.9	1.5333333333333334	1.2890625	25	32.766666666666666	29
2019	5C	22								
2019	5C	228	29.066666666666666	26.733333333333334	3.2	1.2666666666666666	1.953125	27	55.36666666666667	13
2019	5C	229	27.933333333333334	30.433333333333334	3.4	1.5333333333333332	1.0546875	23.5	44.333333333333336	48
2019	5D	213							26	
2019	5D	228	28.166666666666664	26.566666666666666	3.1333333333333333	1.5333333333333334	2.8125	21.5	49	57.5
2019	5D	230	24.25	25.45	4.55	1.4	2.6953125	21.75	36	69.5
2019	5D	234	24.3	26	2.8499999999999996	1.4	2.578125	26.5	31.5	30
2019	5D	239	26.65	27	2.95	1.3	1.953125	22.25	47.2	53
2019	5D	240	23.65	21.25	3.3	1.45	0.859375	23	42	65
2019	5D	241	29.5	23.5	3.9	1	1.953125	23	39.5	39
2019	5D	243							24	
2019	5D	246	26.933333333333334	26.7	3.5666666666666664	1.6			50.5	37
2019	5D	248_19							15.5	
2019	5D	249	24.6	24.5	3.35	1.7999999999999998	1.328125	26.5	55.25	25
2019	5D	253							33	
2019	5D	256	23.85	26.8	3.95	1.2	1.0546875	26.25	52	58.5
2019	5D	257	23.65	25.1	3.35	1.05	0.7421875	34	51	73
2019	5D	261	26.8	23.45	3	1.4	0.78125	21.5	30.5	48
2019	5D	262	25.25	25.6	4	1.65	1.40625	22.5	48.06666666666667	57.666666666666664
2019	5D	264	28.4	28.099999999999998	3.3666666666666667	1	0.5859375	27	44.666666666666664	52.333333333333336
2019	5D	266	28.9	26.5	3.5	1.4	1.328125	23.5	37.5	46
2019	5D	272	24.76666666666667	27.3	2.6666666666666665	1.3333333333333333	1.640625	23.333333333333332	34.63333333333333	41
2019	5D	273_19							39	
2019	5D	282	24.25	25.4	3.05	1.35	2.34375	27	56.43333333333333	79
2019	5D	286	26.8	27	3.55	1.7	1.953125	27	57	88
2019	5D	287					1.09375	17.25	44.5	28
2019	5D	288	25.7	26.766666666666666	4.2	1.6666666666666667	2.5	24.25	43.25	53
2019	5D	289							42.45	
2019	5D	291							34	
2019	6A	123	21.633333333333333	20.566666666666666	2.8	1.3	0.3125	33	40.833333333333336	21
2019	6A	124	27.333333333333332	26.333333333333332	3.3333333333333335	1.4333333333333333	1.40625	28	42.5	34
2019	6A	140							26	
2019	6A	156	24.73333333333333	25.166666666666668	3.3000000000000003	1.5666666666666667	2.5390625	26.5	44.5	19
2019	6A	171	21.7	23.7	3.3	1.2	2.65625	23	30.666666666666668	18
2019	6B	10	25.35	23.35	3.55	0.8999999999999999	3.0078125	28	58.5	44
2019	6B	13	25.6	26.4	2.95	1.5				38
2019	6B	2	24.75	22.75	3.65	1.5	0.8203125	14.5	46.833333333333336	67
2019	6B	23	26.833333333333332	29.1	3.4	1.6666666666666667	2.578125	22	37	4
2019	6B	29	22.5	25.5	3.066666666666667	1.2666666666666666	2.0703125	23.25	52.5	92.5
2019	6B	3							41	
2019	6B	31	24.4	26.5	3.2	1.4				9
2019	6B	35	27.4	26.46666666666667	3.6	1.6666666666666665			43.833333333333336	35
2019	6B	36	24.1	21.3	3.8	1.5	0.859375	32	46	48
2019	6B	37	27.1	30.2	3.5	1.7			39	64
2019	6B	5							38.9	
2019	6B	7	23.400000000000002	21	3.6999999999999997	1.4666666666666666	0.9375	15.5	47.666666666666664	62
2019	6B	8_19							38	
2019	6B	823							50	
2019	6C	107							46	
2019	6C	108	31.2	28.866666666666667	3.8666666666666667	1.6666666666666667	3.0859375	20.25	51	62.5
2019	6C	122	27.9	22.7	3.1500000000000004	1.45	1.015625	27.5	33	28
2019	6C	123	27.65	24.7	3.9	1.5499999999999998	4.4140625	21.5	51.25	46.666666666666664
2019	6C	40							50	
2019	6C	80	24.15	23.4	3.65	1.55	1.0807291666666667	23.666666666666668	24.6	37
2019	6C	81_19								
2019	6C	83	24.7	24.733333333333334	3.7333333333333334	1.4666666666666666	2.2265625	23.5	51.75	86
2019	6C	96					0.9765625	27.75	51	
2019	6D	108	24.5	25	3.2	1.7			38.5	
2019	6D	123							42	
2019	6D	150							48	
2019	6D	39	27.5	26.4	3.2	1.55	1.25	25	34	94
2019	6D	40	24.066666666666666	26.166666666666668	3.3666666666666667	1.5333333333333332	2.8125	16	53.75	76
2019	6D	50	28.799999999999997	28.5	3.3	1.45	2.34375	19	49.5	32
2019	6D	60_19								6
2019	6D	69							29	
2019	6D	70	25.6	25	3.5	1.5			31	
2019	6D	79	27.333333333333332	27.633333333333333	3.7333333333333334	1.5666666666666667	3.59375	22.5	57.5	24
2019	6D	80					2.9296875	23.5	35.15	53
2019	6D	81					0.703125	21.5	38.5	16
2019	6D	83							42	
2020	1A	133							34	
2020	1A	230	27.1	24.433333333333334	3.7	1.7666666666666668	1.875	26	31.6	57
2020	1A	231	22.85	22.9	3.9	1.9	4.0625	29	48.714285714285715	
2020	1A	233	24.566666666666666	23.566666666666666	4.3	1.5666666666666667	1.9921875	20.75	35.75	14
2020	1A	235	25.224999999999998	28.15	3.8	1.375	2.578125	29	28.666666666666668	16
2020	1A	237								15
2020	1A	240	27.6	25.433333333333334	3.7	1.7333333333333334	4.296875	29	26.5	23
2020	1A	243	26.9	22.8	3.6	1.8	2.890625	30.5	29.25	58
2020	1A	244	26.175	24.299999999999997	3.6500000000000004	1.55	2.109375	20.5	27.4	55
2020	1A	246	25.9	26		1.1	3.59375	23	33.75	21
2020	1A	250	26.366666666666667	24.23333333333333	3.8	1.5333333333333332	2.03125	25.5	24	26
2020	1A	251	26.6	27		1.4	0.46875	15.5	38.5	20
2020	1A	255	22.8	24.166666666666668	3	1.5	1.6015625	19	33.4	16
2020	1A	257	25	23.4	3.5999999999999996	1.575	0.703125		37	48
2020	1A	280							22	
2020	1B	649	24.366666666666667	26.5	3.5	1.4666666666666666	0.625	25	29.666666666666668	44
2020	1B	650	25.7	25.8	3.2	1.8	0.9375	24.5	21.666666666666668	32
2020	1B	653	23.033333333333335	23.666666666666668	3.6	1.6333333333333333	1.5625	35	24	37
2020	1B	656	26.9	24.1	2.8	1.7	1.015625	26	26.75	28
2020	1B	658	24	28.9		1.6	1.171875	28	26.5	23
2020	1B	672	26.5	29.666666666666668	4.3	1.8	1.953125	31.25	32.8	58
2020	1C	46	28.65	23.6	3.5	1.55	2.3046875	28.25	26.2	50
2020	1C	54	23		3.7	1.8			41	15
2020	1C	60	24.099999999999998	24.6	3.4	1.5999999999999999	1.484375	28	36.6	118
2020	1C	63	22.6	20.200000000000003	2.9	1.15			35	36
2020	1C	64	24.7	23.8	3.4000000000000004	1.525			35.6	105
2020	1D	12	22.666666666666668	25.400000000000002	3.5	1.6666666666666667	0.8984375	26.5	41.75	81
2020	1D	14	12.4	15.9		1.1				106
2020	1D	17	22.233333333333334	23.833333333333332	3.7	1.5	1.25	23	31.333333333333332	50
2020	1D	20	18.5	21.2	2.6	1.2	0.46875	23	40.25	44
2020	1D	204								20
2020	1D	22_20								20
2020	1D	24	26.366666666666667	22.933333333333334	3.95	1.5333333333333332			35.8	84
2020	1D	33	26.6	22.75	3.5	1.7000000000000002	1.640625	29	38.25	54
2020	1D	37	22	22.6		1.6			26.666666666666668	18
2020	1D	41_20							20	
2020	1D	5_20	26.3	23.8		1.5			27	26
2020	1D	6								2
2020	1D	9	24.7	20.3	3.7	1.6	1.484375	29	29.666666666666668	28
2020	2A	284							42	
2020	2A	285	28.7	24.266666666666666	3.45	1.6666666666666667			43.25	77
2020	2A	587							39	
2020	2A	589	21.65	23.1	3.2	1.4	0.078125		42.5	37
2020	2A	694	27.425	25.9	3.5666666666666664	1.6	0.3125	35	40.6	70
2020	2A	94	23.6	23.4	3.4	1.5			35.25	21
2020	2B	138	24.666666666666668	23.366666666666667	4	1.7	2.265625	38	40.6	25
2020	2B	178	22.5	25.5	3.3	1.4			19.5	14
2020	2B	180	29.2	29.1	3.3	1.5	2.265625	28.5	36.5	43
2020	2B	183	29.2	34.2		1.6	2.890625	25	27.666666666666668	35
2020	2B	184	26.15	24.1	3.5	1.35			33	7
2020	2B	185	25.4	27.7		1.7	1.328125	21.75	31	13
2020	2B	186	22.599999999999998	19.925	3.4	1.45	1.484375	28	28	34
2020	2B	188	25.066666666666666	23.1	3.2	1.4	0.6640625	21.5	27	21
2020	2B	189	29.03333333333333	24.666666666666668	3.4	1.5333333333333334	1.5625	20.5	25.25	66
2020	2B	190	24.833333333333332	23.966666666666665	3.25	1.3666666666666667	3.046875	27	28.666666666666668	158
2020	2B	195_20	27.2	28.9	3.8	1.7			33.666666666666664	22
2020	2B	197	22.6	24.1	3.15	1.75			36	17
2020	2B	290							29	
2020	2B	81	26	23.7	3.9	1.6	1.953125	20	27.333333333333332	18
2020	2B	83	28.333333333333332	25.9	3.5	1.7333333333333334	1.640625	32	31.4	46
2020	2B	84					3.4375	24	33	40
2020	2B	85	28.9	25.05	3.7	1.6			28	27
2020	2B	86	23.45	22.95	3.3	1.45			32.833333333333336	30
2020	2B	89	24.35	22.75	3.466666666666667	1.725	2.265625	25.5	28.8	29
2020	2B	92	25.8	25.9	3.5	1.5	1.875	30.5	24.666666666666668	45
2020	2B	97	27.133333333333333	25.96666666666667	3.0999999999999996	1.5666666666666667	0.859375	44	29.75	14
2020	2C	262	27.733333333333334	23.166666666666668	2.8	1.4333333333333333	2.34375	28	26	27
2020	2C	270	23	20.6	3.1	1.2	2.421875	32	27.5	16
2020	2C	271							32	
2020	2C	274	25.233333333333334	23.4	3.8	1.3666666666666667	3.125	20	30	7
2020	2C	277	24.9	22.6	2.5	1	1.796875	24	24	62
2020	2C	280_20							35	
2020	2C	287							27	
2020	2C	289	19.5	20.2	3.1	1.5	1.640625	29	22.666666666666668	38
2020	2C	292	22.2	21	3.2	1.5	1.015625	29.5	36	12
2020	2C	293	25		3.1	1.5	1.015625	34.5	30.5	10
2020	2C	297_20	20.333333333333332	22.566666666666666	3.3	1.6666666666666667	2.265625	29	24.666666666666668	25
2020	2D	187	26.8	27.3	3.6	1.6333333333333333	1.9140625	34	53.666666666666664	152
2020	2D	191							31	19
2020	2D	193	26.633333333333333	26.95	3.8333333333333335	1.7	1.328125	23	40	198
2020	2D	194	25.9	26.125	3.3	1.9	2.890625	26	40.2	69
2020	2D	204	29.4	28.166666666666668	3.566666666666667	1.5833333333333333	2.7734375	25	62.42857142857143	72
2020	2D	207	26.9	26.549999999999997	3.4	1.8	2.03125	27	29.6	18
2020	2D	210	30.200000000000003	26.15	3.6	1.5	1.5625	31.5	27	71
2020	2D	214							27	19
2020	2D	215_20							28	
2020	2D	219	26.475	24.325	3.533333333333333	1.6	2.65625	21.5	37.857142857142854	75
2020	2D	220	29.1	25.6	3.5	1.8			32.666666666666664	28
2020	2D	93							38	
2020	2D	94							40	
2020	3A	125	27.04	28.76	3.6999999999999997	1.7	2.8125	26	35.8	70
2020	3A	273	26.133333333333333	29.466666666666665	3.5	1.2	3.203125	38.5	29.5	57
2020	3A	278	25.54	25.4	2.6	1.34	0.703125	33	40.785714285714285	26
2020	3A	636							34.333333333333336	26
2020	3A	638	29.966666666666665	27.96666666666667	3.5	1.3	2.34375	31.75	66	147
2020	3A	641	26.6	20.3	2.9	1.6	2.265625	32	21.25	19
2020	3A	643							22	8
2020	3A	657								35
2020	3B	122								6
2020	3B	129							51.5	
2020	3B	202	24.6	24.1		1.4				
2020	3B	22								3
2020	3B	228					2.65625	28	27	
2020	3B	603	33.15	28.05	3.6	1.5	2.3828125	26.5	42.38333333333333	51
2020	3B	618	26.366666666666667	24.066666666666666	3.35	1.6	3.203125	25.5	30.333333333333332	61
2020	3B	621	22.5	26.1	2.4	1.7999999999999998			52.333333333333336	19
2020	3B	822							18.5	
2020	3B	828	24.85	21.1	2.8	1.4	2.734375	28	25.5	49
2020	3B	831	28.425	24.625	3.3	1.675	2.421875	26	39	71
2020	3B	838	25.9	22.133333333333333	3.9	1.3			35	40
2020	3B	89	24.7	19.98		1.6				
2020	3C	125_20							31	
2020	3C	126	29.9	27.7		1.2			17	8
2020	3C	131	30.8	29	3.5	2			32	2
2020	3C	133	30.633333333333333	24.666666666666668	3.5	1.4666666666666666	4.921875	20	40.2	45
2020	3C	137	25.8	24.1	3.2	1.8	2.2265625	33.5	30.666666666666668	31
2020	3C	139	27.85	27.4	3.7	1.65	1.171875	29	44.6	39
2020	3C	142							26	17
2020	3C	143	26.433333333333334	24.599999999999998	3.55	1.7333333333333334			24.5	28
2020	3C	149_20							17	
2020	3C	152	27.1	18.7		1.3			31.625	27
2020	3C	153	25.8	25.1	4.1	1.6	2.96875	21.5	23.5	48
2020	3C	154	26.8	24.175	3.7	1.775			28.333333333333332	24
2020	3C	159					3.75	22	24	15
2020	3C	166	28.1	25.8	3.6	2.1	1.40625	26	36	58
2020	3C	169	25.68	23.3	3.5	1.64	0		27.75	63
2020	3C	171_20							50	
2020	3C	173	24.4		3.5	1.5	2.65625	25	35.6	19
2020	3C	174	24.64	24.06	4.3	1.62	2.265625	22.5	49.75	66
2020	3C	177	29.5	25.9	3.8	2			28	59
2020	3C	189								1
2020	3C	195							56	
2020	3C	219							36	
2020	3C	26							17	
2020	3C	54								5
2020	3C	875	31.7	26.6	3.7	1.4				
2020	3D	204								9
2020	3D	288								2
2020	3D	30							36	
2020	3D	621								10
2020	3D	76							26	
2020	3D	838								20
2020	3D	840	27.6	22.3	2.7	1.5			18.5	28
2020	3D	851	28.4	27.7		1.8			19	10
2020	3D	854	29.8	32.3		1	2.109375	29	36	7
2020	3D	864							25.333333333333332	25
2020	3D	875	31	26.3	3.4	1.3			37.5	53
2020	3D	876	29.1	23.5	3.4	1.5	3.59375	27	27.25	59
2020	3D	881	28.55	29.450000000000003	3.8	1.25			29.8	22
2020	3D	882_20								28
2020	3D	886	25.5	22	3.6	1.7999999999999998			35.5	58
2020	3D	889							18	7
2020	3D	892	26.7	25.5		1.1			35.75	41
2020	3D	893	28.1	25.1	3.2	1.7	0.390625		26.5	23
2020	3D	894	31	30		1.4	2.1875	33	30.5	25
2020	3D	895	28.9	28.6	3.5	1.4			26	6
2020	3D	898_20								12
2020	4A	101	27.8	22.7	3	1.2	2.4609375	28.5	20.5	39
2020	4A	107					1.171875	23	27.666666666666668	
2020	4A	109							24.333333333333332	22
2020	4A	110	23.1	25.45	3.6	1.7	2.109375	28	32.4	54
2020	4A	114	26.55	25.3	3.2	1.6	1.953125	34	48.2	69
2020	4A	115	27.1	23.3	3.5	1.8			29	25
2020	4A	117_20							27	
2020	4A	121	26.6	27.700000000000003	3.8	1.85			28.5	34
2020	4A	124	29	29.4	2.8	2	1.171875	24	23.666666666666668	57
2020	4A	63_20							18.5	
2020	4A	65								9
2020	4A	68	28.6	26.2	4.1	1.6			34	23
2020	4A	80	27.74	25.98	3.15	1.46	2.65625	22	36.333333333333336	53
2020	4A	85	25.2	22.175	3.3333333333333335	1.775			39	116
2020	4A	91	22.4	19.9	3.7	1.3	1.796875	29	29.6	50
2020	4A	99	23.4	19.55	3.6	1.15			29.25	19
2020	4B	211	26.6	25.6	3.2	1.7			26	
2020	4B	295							29.5	
2020	4B	594	20.675	26.225	3.1	1.575	2.8125	35	34.4	69
2020	4B	596	24.933333333333334	25.566666666666666	4	1.8	1.875	32	31.857142857142858	125
2020	4B	599							28	
2020	4B	680	21.1	19.6	2.9	1.5			27	14
2020	4C	120	28.5	23.9	2.7	1.4	2.34375	41	15.666666666666666	56
2020	4C	181							29	
2020	4C	187	24.266666666666666	24.5	3.4	1.6	0.7421875	23.5	28	35
2020	4C	192					4.84375	31	29.666666666666668	18
2020	4C	193_20								17
2020	4C	195	25	24.733333333333334	3.3499999999999996	1.6333333333333333	0.15625		57.285714285714285	115
2020	4C	196	26.7	22.95		1.45	0.6640625	26	23.666666666666668	19
2020	4C	200							23	
2020	4C	213	30.5	30.4	4.3	2.3	2.734375	30.5	33.2	75
2020	4C	641	24.95	22.65	3.7	1.4			24.75	82
2020	4C	92	24.2	25.9	3.2	1.4				
2020	4D	36_20					2.890625	27.5		
2020	4D	37	22.45	22.4	3.4	1.55	1.640625	31	28.2	45
2020	4D	41								14
2020	4D	47	27.4	20.1	3.6	1.5			34.5	69
2020	4D	49	27.3	26.2	3.8	1.4			30.5	26
2020	4D	52	22.799999999999997	22.65	3.5	1.1	3.203125	38	38	29
2020	4D	73								4
2020	4D	875								4
2020	5A	180	29.25	28.05	3.9	1.5499999999999998	5.2734375	26.5	28	24
2020	5A	185	25.7	21.85	3.3	1.5	1.09375	33	29	56
2020	5A	189							21	13
2020	5A	191	25.2	25.9		1.5	0.859375	23	28.5	23
2020	5A	196	25.55	27.1		1.45	0.78125	30	21.5	19
2020	5A	202					3.125	30	34.666666666666664	22
2020	5A	591							34	
2020	5B	12	27.75	24.25		1.25			41.333333333333336	49
2020	5B	16	25.233333333333334	23.166666666666668	3.2	1.6666666666666665	0.3125	32	39	76
2020	5B	191								11
2020	5B	20	24.1	23.15	3.1	1.4	1.6796875	27	41.333333333333336	305
2020	5B	208								21
2020	5B	288							27.2	51
2020	5B	289	28.35	24.675	3.5	1.825	3.3984375	25	33	51
2020	5B	293								15
2020	5B	296	22.5	23.65	3	1.6	1.640625	33	30.6	48
2020	5B	299					0.546875		20.666666666666668	48
2020	5B	300					2.03125	27	21	25
2020	5B	4	27.5	24.049999999999997		1.3			47	81
2020	5B	5							19.333333333333332	15
2020	5B	89							33	
2020	5C	202					3.671875	26	33.5	66
2020	5C	207	22.4	22.2		1.3			19.333333333333332	26
2020	5C	208					1.796875	32	32.666666666666664	23
2020	5C	211							13	0
2020	5C	217					2.65625	27.25	35	
2020	5C	218_20								27
2020	5C	221	24.35	19.95	2.3	1.1			26.5	54
2020	5C	224	25.3	25.733333333333334	4	1.1666666666666667	1.953125	25	35.5	97
2020	5C	225	24.825	25.95	3.2	1.3			43.25	40
2020	5C	242							34	
2020	5C	250							33	
2020	5C	268							37	
2020	5C	269							32	
2020	5C	274							37	
2020	5C	517								57
2020	5C	683	28.3	23.6		0.6	0.625	25	35	47
2020	5D	230							29	46
2020	5D	242	25.066666666666666	23.533333333333335	2.8	1.2333333333333334			34.333333333333336	79
2020	5D	247					0		32.5	60
2020	5D	25	30	28.2		1.7				
2020	5D	250					1.328125	29	31.25	52
2020	5D	252	29.2	28.9		1.5	6.171875	27	30.8	38
2020	5D	267_20	17.7	23.6		0.9				
2020	5D	268	24.733333333333334	26.566666666666666	3.55	1.2	1.484375	27	37.4	41
2020	5D	269_20	28.15	26.15	3.8	1.9	0.15625	42.5	34.2	99
2020	5D	273					2.578125	30	26.333333333333332	25
2020	5D	274	25.933333333333334	25.5	3.6	1.8	0		37.333333333333336	77
2020	5D	275					1.171875	34	27.333333333333332	33
2020	5D	278	27.9	27		1.3	1.875	37	24.25	49
2020	5D	288								9
2020	6A	136	25.7	22.6	3.2	1.5999999999999999	3.28125	24	40.4	94
2020	6A	138	24.5	19.7	3.5	1.5			38.333333333333336	7
2020	6A	145	26.866666666666667	26.233333333333334	3.5	1.3			31	22
2020	6A	165	28.1	25.53333333333333	3.25	1.3333333333333333	0.390625	26	40.25	55
2020	6A	169					1.25	36.5	30.333333333333332	16
2020	6A	188					1.09375	32.5		
2020	6A	685	22.333333333333332	22.233333333333334	3.2	1.2333333333333334			38.2	70
2020	6B	12							30	
2020	6B	120	27.533333333333335	25.4	3.0999999999999996	1.4			59.333333333333336	138
2020	6B	121								33
2020	6B	14							27	15
2020	6B	165								15
2020	6B	21					1.171875	25	21.5	26
2020	6B	243	21.9	21.5	2.5	1.1	4.21875	31	53.333333333333336	59
2020	6B	266	27	25		1.1	1.09375	30	48	16
2020	6B	36							20	
2020	6B	621								3
2020	6B	643								
2020	6B	8	25.8	25.8		1.3			26.666666666666668	36
2020	6B	93								1
2020	6C	111	28.666666666666668	27.03333333333333	3.1	1.4	4.453125	31	32	96
2020	6C	113	24	22.8		1.6	0.234375	26.5	28.666666666666668	52
2020	6C	116					3.125	26.5	17.5	27
2020	6C	121	27.1	23.7		1.6	1.2890625	30.5	47.4	36
2020	6C	21								26
2020	6C	86	23.35	19.95	2.8	1.5499999999999998	3.046875	29	37.5	55
2020	6C	93	28.35	23.950000000000003	3.5	1.2000000000000002	0.703125	36	36.6	84
2020	6C	96					2.34375	32.5	27.2	59
2020	6C	99	22.8	24.6		1.8	3.984375	22.5	37.5	21
2020	6D	43_20	24.1	22.2		1.7				
2020	6D	45	21.95	22.05	3.5	1.35			22.25	56
2020	6D	45,71					3.75	22.5		
2020	6D	46	23.200000000000003	22.05	4.3	1.5	1.71875	25.5	30	104
2020	6D	48					3.28125	19	36	45
2020	6D	52	23.35	24.25	3.6	1.55	1.5625	29	36.2	55
2020	6D	56	24.5	23.2		1.9	1.5625	35	25	47
2020	6D	59					3.125	34	41	68
2020	6D	64	27.4	20.8	4.6	2	2.5	36	21.666666666666668	38
2020	6D	68	25.65	25.5	3.5	1.5	2.734375	30.5	32.5	147
2020	6D	71	27.299999999999997	26.55	3.2	1.4			37	124
